,Sharpe,Annualized Return,Annualized Volatility,Maximum Drawdown
Value,0.4564536553976753,0.036713810245102806,0.08043272260163345,0.04129608679631759
