,Sharpe,Annualized Return,Annualized Volatility,Maximum Drawdown
Value,0.7429963869847233,0.04292291585954772,0.05777001962787506,0.04750955144203075
