,Sharpe,Annualized Return,Annualized Volatility,Maximum Drawdown
Value,0.02174834758826545,0.025452069282490282,1.170298993024335,0.29837379827302696
