,Sharpe,Annualized Return,Annualized Volatility,Maximum Drawdown
Value,0.16495373703603186,0.11944424892140085,0.7241075653551875,0.14239219777473655
